gene,mRNA_level
thrL,3032.01
thrA,5084.28
thrB,3226.2
thrC,3510.38
yaaX,400.518
yaaA,466.18
yaaJ,349.426
talB,4525.7
mog,643.246
yaaH,478.109
htgA,13.336
yaaW,253.938
yaaI,204.966
dnaK,3887.79
dnaJ,2436.43
yi82_1,457.019
yi81_1,926.339
hokC,N.D.
mokC,144.866
nhaA,892.993
nhaR,602.838
insB_1,N.D.
insA_1,453.985
rpsT,3857.3
yaaY,60.2018
ribF,2286.7
ileS,2306.29
lspA,1461.89
fkpB,1364.19
ispH,948.926
rihC,563.988
dapB,2280.43
carA,3761.72
carB,3701.77
caiF,643.68
caiE,89.8207
caiD,1209.44
caiC,335.796
caiB,557.848
caiA,630.109
caiT,82.8884
fixA,667.671
fixB,560.368
fixC,232.9
fixX,239.437
yaaU,2314.77
yabF,345.191
kefC,458.819
folA,903.541
apaH,1356.05
apaG,1356.25
ksgA,1284.72
pdxA,1421.16
surA,2666.28
imp,1931.74
djlA,1346.56
yabP,869.942
yabQ,1430.55
rluA,438.432
hepA,869.084
polB,265.527
araD,849.292
araA,157.245
araB,757.267
araC,285.48
yabI,511.56
yabJ,600.275
yabK,731.928
tbpA,1220.47
yabN,371.66
setA,1278.98
leuD,2697.74
leuC,3922.81
leuB,4377.77
leuA,3956.24
leuL,1641.06
leuO,130.859
ilvI,2225.63
ilvH,2697.66
fruL,1199.93
fruR,743.942
yabB,2813.31
yabC,1312.64
ftsL,1446.29
ftsI,1459.89
murE,1388.88
murF,1475.92
mraY,1222.52
murD,947.386
ftsW,1075.09
murG,824.73
murC,1016.19
ddlB,1679.35
ftsQ,1569.27
ftsA,3449.2
ftsZ,3177.63
lpxC,2916.24
yacA,1360.65
secA,1436.81
mutT,441.537
yacG,659.581
yacF,775.805
yacE,1193.96
guaC,2351.96
hofC,171.638
hofB,57.9395
ppdD,201.437
nadC,476.486
ampD,442.558
ampE,665.564
aroP,2488.35
pdhR,650.905
aceE,5633.12
aceF,4028.54
lpdA,4667.21
yacH,129.391
acnB,3099.57
yacL,1224.78
speD,2831.36
speE,2728.96
yacC,963.571
cueO,2136.47
gcd,785.746
hpt,1591.4
yadF,5210.87
yadG,1331.46
yadH,502.271
yadI,364.51
yadE,278.386
panD,2568.38
yadD,301.45
panC,990.495
panB,2303.57
yadC,112.273
yadK,69.1418
yadL,106.01
yadM,105.097
htrE,222.676
ecpD,45.2135
yadN,417.763
folK,702.112
pcnB,2807.29
yadB,247.799
dksA,2576.7
sfsA,2610.41
ligT,572.519
hrpB,873.325
mrcB,1028.44
fhuA,869.673
fhuC,1125.41
fhuD,607.131
fhuB,857.818
hemL,578.89
yadQ,807.912
yadR,1905.75
yadS,808.274
yadT,613.733
pfs,1045.02
dgt,233.307
degP,570.315
cdaR,333.076
yaeH,1972.34
yaeI,254.713
dapD,3394.6
glnD,1005.32
map,2018.52
rpsB,5584.52
tsf,5131.51
pyrH,3027.98
frr,2387.25
ispC,1064.97
uppS,1369.34
cdsA,684.717
yaeL,2612.52
yaeT,2773.08
hlpA,6006.5
lpxD,3189.16
fabZ,3217.18
lpxA,1869.15
lpxB,787.813
rnhB,1266.5
dnaE,2433.59
accA,2050.12
ldcC,673.195
yaeR,644.628
tilS,955.134
rof,910.004
yaeP,N.D.
yaeQ,1373.23
yaeJ,1556.58
cutF,1180.79
yaeF,491.758
proS,2236.46
yaeB,605.955
rcsF,1729.83
metQ,4705.18
metI,2228.71
metN,1613.98
gmhB,1463.48
dkgB,358.257
yafC,244.587
yafD,399.802
yafE,201.167
mltD,1442
gloB,494.686
yafS,482.118
rnhA,953.73
dnaQ,1003.54
yafT,86.1138
yafU,124.108
yafV,516.04
ykfE,2304.94
fadE,391.255
lpcA,1593.4
yafJ,1258.13
yafK,1731.44
yafQ,746.212
dinJ,1145.58
yafL,362.616
yafM,355.796
fhiA,167.352
mbhA,293.483
dinB,334.854
yafN,294.913
yafO,306.243
yafP,289.338
ykfJ,119.259
prfH,168.279
pepD,1496.1
gpt,1949.6
yafA,635.492
crl,3526.26
phoE,147.848
proB,1518.76
proA,2252.73
ykfI,94.6576
yafW,1038.97
ykfG,265.118
yafX,122.586
ykfF,523.561
ykfB,311.034
yafY,155.863
yafZ,136.266
ykfA,536.471
perR,373.389
yi91a,623.975
tra8_1,N.D.
ykfC,610.514
trs5_1,N.D.
mmuP,715.243
mmuM,966.292
afuC,508.642
afuB,380.633
insB_2,N.D.
insA_2,538.78
yagB,369.331
yagA,452.708
yagE,155.228
yagF,901.968
yagG,171.654
yagH,634.817
yagI,498.858
argF,2570.1
insB_3,N.D.
insA_3,N.D.
yagJ,218.126
yagK,120.766
yagL,113.194
yagM,74.7531
yagN,1533.69
intF,682.663
yagP,196.238
yagQ,249.824
yagR,289.675
yagS,728.924
yagT,374.555
yagU,1741.87
ykgJ,390.357
yagV,157.985
yagW,752.819
yagX,369.819
yagY,186.511
yagZ,168.524
ykgK,118.268
ykgL,73.1753
ykgM,109.534
eaeH,280.733
tra5_5,N.D.
ykgA,437.493
ykgB,295.81
ykgI,67.0368
ykgC,200.171
ykgD,179.535
ykgE,813.284
ykgF,293.41
ykgG,586.419
ykgH,120.002
betA,606.738
betB,798.456
betI,1876.25
betT,834.521
yahA,469.275
yahB,296.584
yahC,372.144
yahD,509.091
yahE,175.607
yahF,146.242
yahG,616.571
yahI,337.167
yahJ,440.876
yahK,1329.29
yahL,28.3424
yahM,53.9428
yahN,259.426
yahO,2281.86
prpR,359.634
prpB,349.336
prpC,407.617
prpD,62.5748
prpE,559.949
codB,3134.2
codA,3303.3
cynR,256.225
cynT,579.514
cynS,155.742
cynX,580.057
lacA,33.6891
lacY,83.6534
lacZ,689.295
lacI,364.893
mhpR,1224.49
mhpA,444.469
mhpB,379.567
mhpC,514.023
mhpD,242.034
mhpF,128.899
mhpE,636.116
mhpT,806.625
yaiL,1478.18
frmB,192.57
frmA,1443.93
frmR,1069.45
yaiO,92.443
yi21_1,865.653
yi22_1,1352.67
yaiP,55.4703
yaiS,340.97
tauA,256.886
tauB,221.787
tauC,331.986
tauD,189.998
hemB,1228.16
yaiT,194.47
tra5_1,360.958
yaiU,148.919
yaiV,98.3716
ampH,363.729
sbmA,342.918
yaiW,608.765
yaiY,319.57
yaiZ,255.722
ddlA,433.162
yaiB,1576.05
phoA,670.89
psiF,876.547
yaiC,177.187
proC,1358.72
yaiI,452.709
aroL,1617.77
yaiA,1204.71
aroM,387.11
yaiE,1909.18
ykiA,247.902
yaiD,1343.97
yajF,997.753
araJ,126.356
sbcC,774.302
sbcD,500.403
phoB,364.856
phoR,140.044
brnQ,459.379
proY,368.25
malZ,487.836
yajB,975.489
queA,739.214
tgt,2192.23
yajC,3184.51
secD,1456.32
secF,984.863
yajD,933.228
tsx,2553.62
yajI,111.023
ybaD,1783.63
ribD,1304.05
ribE,2657.96
nusB,2979.13
thiL,1629.55
pgpA,1014.14
yajO,2058.64
dxs,1040.92
ispA,1806.52
xseB,2594.33
thiI,1113.47
thiJ,1333.68
apbA,1252.72
yajQ,2507.27
yajR,325.115
cyoE,2139.97
cyoD,4447.52
cyoC,4282.65
cyoB,5031.92
cyoA,5931.77
ampG,420.505
yajG,2267.42
bolA,1936.58
tig,3277.28
clpP,2017.85
clpX,1935.03
lon,1854.17
hupB,3023.51
ppiD,1163.15
ybaV,1080.42
ybaW,290.465
ybaX,1287.92
ybaE,383.279
cof,729.685
ybaO,539.718
mdlA,146.392
mdlB,180.298
glnK,448.193
amtB,1378.83
tesB,321.444
ybaY,903.166
ybaZ,591.483
ybaA,413.173
ylaB,344.634
ylaC,1638.9
maa,486.225
hha,2185.12
ybaJ,2296.75
acrB,1984.28
acrA,2501.32
acrR,130.86
kefA,757.509
ybaM,642.823
priC,1813.91
ybaN,1432.64
apt,2014.07
dnaX,1215.52
ybaB,2446.82
recR,1345.9
htpG,560.92
adk,3439.54
hemH,436.421
aes,85.0754
gsk,588.731
ybaL,1081.15
fsr,220.651
ushA,1178.5
ybaK,651.933
ybaP,871.91
ybaQ,1136.11
copA,419.95
ybaS,1395.82
ybaT,718.349
cueR,822.484
ybbJ,442.426
ybbK,677.275
ybbL,471.593
ybbM,354.574
ybbN,1564.28
ybbO,1072.97
tesA,1197.09
ybbA,594.398
ybbP,981.312
rhsD,315.443
ybbC,176.607
ybbD,48.0335
ybbB,218.188
ybbS,140.218
allA,839.944
allR,1208.14
gcl,156.273
hyi,52.134
glxR,441.093
ybbV,140.832
allP,113.821
allB,130.144
ybbY,52.3145
glxK,308.394
ylbA,305.71
allC,428.213
allD,398.754
fdrA,312.423
ylbE,469.129
ylbF,169.408
arcC,1278.01
purK,1677.25
purE,2666.74
ybbF,759.998
ppiB,4197.37
cysS,1307.65
ybcI,717
ybcJ,417.756
folD,2457.79
sfmA,40.3224
sfmC,290.419
sfmD,302.701
sfmH,42.5727
sfmF,1246.34
fimZ,38.313
intD,346.378
tra5_2,N.D.
emrE,277.96
ybcK,66.4246
ybcL,70.6913
ybcM,359.956
ybcN,103.223
ninE,193.635
ybcO,307.01
rus,178.906
ybcQ,165.025
trs5_2,N.D.
nmpC,4648.63
ybcR,81.4284
ybcS,730.08
ybcT,104.264
ybcU,1615.92
ybcV,52.3944
ybcW,266.823
nohB,N.D.
ybcX,349.982
ybcY,20.2575
ylcE,72.3861
appY,63.0545
ompT,7933.94
envY,59.3246
ybcH,849.627
nfrA,765.506
nfrB,293.757
cusS,686.34
cusR,693.483
cusC,2213.42
ylcC,3119.28
cusB,936.282
cusA,340.543
pheP,195.555
ybdG,419.662
nfnB,2407.74
ybdF,516.734
ybdJ,284.543
ybdK,757.727
hokE,N.D.
yi81_2,N.D.
entD,81.8596
fepA,591.225
fes,663.719
entF,311.723
fepE,1009.34
fepC,949.635
fepG,250.575
fepD,393.464
ybdA,521.255
fepB,306.643
entC,588.171
entE,571.478
entB,742.557
entA,1441.07
ybdB,313.937
cstA,2128.94
ybdH,1021.06
ybdL,282.752
ybdM,259.091
ybdN,178.365
ybdO,48.1396
dsbG,668.737
ahpC,6256.41
ahpF,1680.96
ybdQ,1011.66
ybdR,935.204
rnk,594.323
rna,827.124
citT,379.352
citG,181.74
ybdU,163.094
citF,102.866
citE,136.336
citD,95.9456
citC,846.987
citA,205.809
citB,355.948
dcuC,908.758
crcA,265.85
cspE,4403.75
crcB,305.333
ybeH,885.183
ybeM,514.313
tatE,1750.49
lipA,1156.59
ybeF,147.921
lipB,776.878
ybeD,1303.08
dacA,1973.43
rlpA,1440.81
mrdB,1245.49
mrdA,471.163
ybeA,1689.21
ybeB,N.D.
phpB,280.391
nadD,2006.08
holA,1375.18
rlpB,1892.93
leuS,2734.25
ybeL,1396.13
ybeQ,58.7288
ybeR,28.0548
ybeS,33.0054
ybeT,71.3719
ybeU,295.369
ybeV,94.9866
hscC,302.991
rihA,515.28
gltL,571.545
gltK,565.065
gltJ,617.277
gltI,2272.4
trs5_3,N.D.
lnt,1022.44
ybeX,2332.63
ybeY,1770.7
ybeZ,2262.25
yleA,1288.24
ubiF,751.283
asnB,856.689
nagD,1011.22
nagC,1075.84
nagA,1017.88
nagB,593.76
nagE,576.068
glnS,1339.67
ybfM,312.449
ybfN,375.807
fur,3611.81
fldA,2794.43
ybfE,675.911
ybfF,585.733
seqA,3564.92
pgm,1134.97
ybfP,141.706
ybfG,235.16
ybfH,147.018
potE,94.4463
speF,256.053
kdpE,650.206
kdpD,629.338
kdpC,978.823
kdpB,61.19
kdpA,177.649
ybfA,749.755
rhsC,N.D.
ybfB,44.6313
ybfO,179.069
ybfC,N.D.
ybfL,38.6748
ybfD,35.9568
ybgA,1351.42
phrB,674.562
ybgH,903.034
ybgI,2016.54
ybgJ,1226.25
ybgK,1100.02
ybgL,1091.2
nei,898.68
abrB,327.328
ybgO,55.6076
ybgP,137.247
ybgQ,278.514
ybgD,52.6208
gltA,4711.1
sdhC,3507.19
sdhD,4385.48
sdhA,5207.02
sdhB,2151.11
sucA,4780.26
sucB,5997.73
sucC,6980.64
sucD,3364.08
farR,629.549
hrsA,161.595
ybgG,165.919
cydA,1744.37
cydB,2154.12
ybgE,662.183
ybgC,1822.76
tolQ,1200.51
tolR,1245.62
tolA,1385.05
tolB,4235.98
pal,5970.57
ybgF,3452.89
nadA,1950.68
pnuC,1425.42
ybgR,297.834
ybgS,1067.04
aroG,4836.37
gpmA,2530.79
galM,1572.08
galK,2381.48
galT,667.443
galE,1455.51
modF,568.546
modE,803.794
ybhT,841.432
modA,589.627
modB,354.58
modC,234.09
ybhA,680.633
ybhE,1761.65
ybhD,97.8092
ybhH,148.926
ybhI,86.5701
ybhJ,183.272
ybhC,1950.91
ybhB,820.043
bioA,1878.29
bioB,1792.14
bioF,605.541
bioC,636.352
bioD,673.491
uvrB,1289.12
ybhK,523.068
moaA,1729.84
moaB,2130.46
moaC,2098.59
moaD,1988.77
moaE,1370.25
ybhL,1742.38
ybhM,49.3803
ybhN,180.426
ybhO,428.069
ybhP,529.15
ybhQ,578.144
ybhR,267.928
ybhS,649.282
ybhF,236.595
ybhG,588.845
ybiH,315.212
rhlE,457.377
ybiA,268.613
dinG,274.32
ybiB,1069.12
ybiC,2103.12
ybiJ,604.583
ybiI,234.956
ybiX,230.407
ybiL,380.228
ybiM,1373.26
ybiN,752.555
ybiO,246.593
glnQ,2236.29
glnP,1881.57
glnH,4602.6
dps,6343.03
ybiF,261.788
ompX,5308.19
ybiP,257.495
mntR,1245.73
ybiR,409.762
ybiS,1736.13
ybiT,1040.88
ybiU,626.466
ybiV,776.478
ybiW,1069.32
ybiY,592.79
fsa,868.213
moeB,332.129
moeA,626.07
ybiK,1251.9
yliA,1250.05
yliB,802.166
yliC,411.454
yliD,364.981
yliE,414.608
yliF,577.912
yliG,1198.94
yliH,196.357
yliI,696.47
yliJ,1367.75
dacC,1209.61
deoR,510.244
ybjG,1116.44
cmr,855.219
ybjH,252.632
ybjI,343.62
ybjJ,550.661
ybjK,212.986
ybjL,1039.9
ybjM,675.69
grxA,568.887
ybjC,1274.8
nfsA,1510.57
rimK,481.651
ybjN,742.156
potF,1704.86
potG,592.089
potH,817.606
potI,924.879
ybjO,463.15
ybjF,358.586
artJ,2731.51
artM,774.428
artQ,917.294
artI,2373.21
artP,1740
ybjP,1346.95
ybjQ,890.183
ybjR,488.698
ybjS,466.961
ybjT,1067.04
ltaE,1196.5
poxB,1465.35
hcr,114.596
hcp,121.785
ybjE,579.841
aqpZ,397.598
ybjD,564.544
ybjX,1606.32
macA,645.492
macB,1427.58
cspD,1955.08
yljA,3804.48
clpA,2845.83
infA,4330.66
aat,445.9
cydC,686.339
cydD,610.821
trxB,1355.98
lrp,3082.29
ftsK,1408.87
lolA,1587.36
ycaJ,680.941
serS,1339.67
dmsA,102.777
dmsB,101.118
dmsC,1180.83
ycaC,1398.73
ycaD,776.357
ycaM,76.9265
ycaN,127.082
ycaK,257.447
pflA,948.34
pflB,2450.74
focA,1882.14
ycaO,748.666
ycaP,563.73
serC,3374.74
aroA,3281.09
ycaL,305.937
cmk,3360.86
rpsA,6527.57
himD,3660.37
ycaI,79.2083
msbA,855.079
lpxK,730.962
ycaQ,161.979
ycaR,2214.2
kdsB,1539.58
ycbJ,597.129
ycbC,721.862
smtA,1886.62
mukF,1319.57
mukE,2336.12
mukB,1038.2
ycbB,1072.31
ycbK,2847.72
ycbL,1464.63
aspC,4309.93
ompF,8545.57
asnS,1338.38
pncB,1531.88
pepN,1159.04
ssuB,375.007
ssuC,N.D.
ssuD,780.049
ssuA,420.894
ssuE,241.065
ycbQ,146.236
ycbR,1361.31
ycbS,139.612
ycbT,160.614
ycbU,511.786
ycbV,268.343
ycbF,240.395
pyrD,1612.2
ycbW,764.091
ycbX,685.111
ycbY,793.666
uup,754.717
pqiA,443.466
pqiB,622.926
ymbA,554.372
rmf,5587.92
fabA,1774.17
ycbZ,1023.59
ycbG,1095.01
ompA,8694.7
sulA,730.459
yccR,478.721
yccS,691.027
yccF,915.957
helD,996.818
mgsA,1547.4
yccT,406.122
yccU,1002.68
yccV,1415.66
yccW,1528.75
yccX,618.786
yccK,457.01
yccA,2705.66
hyaA,129.251
hyaB,564.831
hyaC,261.371
hyaD,42.8098
hyaE,378.263
hyaF,7.82171
appC,643.98
appB,60.1346
appA,154.474
yccC,208.638
yccY,443.718
yccZ,180.331
ymcA,N.D.
ymcB,62.4914
ymcC,168.272
ymcD,489.106
insB_4,N.D.
cspH,382.37
cspG,585.887
sfa,230.867
yccM,41.4578
torS,235.749
torT,266.422
torR,312.555
torC,521.703
torA,762.561
torD,129.488
yccD,873.908
cbpA,1786.03
yccE,62.2624
agp,639.418
yccJ,1579.5
wrbA,2965.43
ycdF,728.219
ycdG,144.616
ycdH,430.285
ycdI,264.551
ycdJ,150.979
ycdK,736.406
ycdL,99.4951
ycdM,226.406
ycdC,284.307
putA,277.527
putP,1728.72
ycdN,N.D.
ycdO,1212.96
ycdB,611.368
phoH,666.93
ycdP,132.192
ycdQ,107.4
ycdR,110.513
ycdS,144.856
ycdT,393.619
tra5_3,480.188
ycdU,95.6422
ycdW,2053.5
ycdX,1351.94
ycdY,1153.89
ycdZ,849.431
csgG,399.149
csgF,676.609
csgE,433.348
csgD,825.419
csgB,224.25
csgA,313.201
csgC,19.5411
ymdA,278.969
ymdB,743.724
ymdC,177.339
mdoC,244.436
mdoG,2307.72
mdoH,926.807
yceK,751.12
msyB,4520.99
yceE,184.904
htrB,782.502
yceA,2024.41
yceI,1081.32
yceJ,375.087
yceO,38.3624
solA,748.421
yceP,434.035
dinI,1303.91
pyrC,3121.9
yceB,807.409
grxB,2068.85
yceL,1092.71
rimJ,1841.94
yceH,3376.62
mviM,772.056
mviN,463.279
flgN,485.193
flgM,294.726
flgA,385.962
flgB,418.326
flgC,627.357
flgD,412.835
flgE,230.769
flgF,201.66
flgG,269.846
flgH,99.811
flgI,247.413
flgJ,397.669
flgK,189.452
flgL,299.971
rne,1548.87
rluC,943.96
yceF,803.606
yceD,5978.22
rpmF,4090.26
plsX,2498.99
fabH,3140.63
fabD,3554.68
fabG,4712.28
acpP,6826.66
fabF,667.651
pabC,473.977
yceG,673.047
tmk,943.021
holB,540.672
ycfH,1081.96
ptsG,3839.15
fhuE,76.1279
ycfF,2073.57
ycfL,2187.67
ycfM,1698.49
ycfN,2096.32
nagZ,1869.16
ycfP,2460.55
ndh,586.91
ycfJ,176.32
ycfQ,821.769
ycfR,960.012
ycfS,421.982
mfd,912.142
ycfT,102.296
ycfU,797.881
ycfV,580.223
ycfW,899.058
ycfX,1038.51
cobB,1743.23
ycfZ,38.9046
ymfA,196.406
potD,2673.62
potC,2315.49
potB,750.941
potA,1496.07
pepT,499.659
ycfD,1392.1
phoQ,728.758
phoP,2508.81
purB,2911.78
ycfC,1947.81
trmU,1764.03
ymfB,597.81
ymfC,495.543
icdA,8134.54
ymfD,34.9497
ymfE,293.55
lit,47.7904
intE,232.022
ymfH,154.126
ymfI,940.951
ymfJ,177.533
ymfK,424.731
ymfL,123.806
ymfM,341.767
ymfN,134.933
ymfR,1999.2
ymfO,226.538
ymfP,487.742
ymfQ,313.366
ycfK,294.309
ymfS,46.216
tfaE,213.827
stfE,78.4885
pin,173.362
mcrA,211.88
ycgW,25.9571
ycgX,50.9298
ycgE,628.848
ycgF,169.173
ycgZ,311.475
ymgA,868.534
ymgB,155.132
ymgC,40.2314
ycgG,9.73646
ycgH,N.D.
ymgD,374.894
minE,2385.81
minD,2724.44
minC,2840.25
ycgJ,774.956
ycgK,885.06
ycgL,1065.35
ycgM,832.572
ycgN,1105.01
hlyE,481.68
umuD,184.45
umuC,162.933
dsbB,748.21
nhaB,893.713
fadR,981.865
ycgB,736.904
dadA,611.816
dadX,355.174
ycgO,351.255
ldcA,995.805
mltE,1043.57
ycgR,96.3947
ymgE,1223.92
ycgY,94.9341
treA,510.945
dhaM,839.445
dhaL,1321.7
dhaK,1152.4
dhaR,348.764
ycgV,71.8226
ychF,1331.19
pth,973.051
ychH,484.471
ychM,139.055
prsA,2016.52
ispE,4531.44
hemM,1718.18
hemA,993.589
prfA,661.208
hemK,420.896
ychQ,98.1317
ychA,1567.66
kdsA,2027.15
ldrA,N.D.
ldrB,N.D.
ldrC,N.D.
chaA,486.735
chaB,1009.29
chaC,854.135
ychN,1016.63
ychP,382.189
narL,1464.42
narX,1409.16
narK,241.812
narG,815.386
narH,994.714
narJ,657.96
narI,581.365
tpr,167.839
purU,1847.87
ychJ,1299.28
ychK,1047.43
hnr,1669.42
galU,1499.81
hns,5202.07
tdk,811.597
ychG,102.51
adhE,2285.84
ychE,147.848
oppA,2760.77
oppB,1273.65
oppC,1500.41
oppD,1248.27
oppF,972.244
yciU,1433.2
cls,1043.08
kch,652.167
yciI,1338.41
tonB,1007.75
yciA,1221.85
ispZ,883.25
yciC,1093.55
yciD,458.798
yciE,227.524
yciF,513.084
yciG,626.958
trpA,2611.81
trpB,3677.69
trpC,3650.77
trpD,2106.12
trpE,2150.5
trpL,2144.18
yciV,1904.49
yciO,1055.7
yciQ,212.724
yciL,1896.92
btuR,436.81
yciK,921.616
sohB,910.365
yciN,658.952
topA,1162.33
cysB,681.343
acnA,1052.47
ribA,1028.31
pgpB,1323.62
yciS,845.96
yciM,407.423
pyrF,1229.14
yciH,1474.37
osmB,1215.32
yciT,624.783
yciR,504.179
rnb,1962.19
yciW,1895.7
fabI,2579.76
ycjD,73.745
sapF,645.055
sapD,380.616
sapC,485.185
sapB,250.834
sapA,629.757
ymjA,704.479
ycjJ,524.831
ycjK,1212.39
ycjL,1575.79
ycjC,897.256
aldH,777.337
ordL,1396.5
goaG,1131.35
pspF,302.309
pspA,807.357
pspB,962.075
pspC,509.549
pspD,511.24
pspE,557.799
ycjM,103.773
ycjN,77.6794
ycjO,83.4329
ycjP,392.497
ycjQ,298.929
ycjR,161.425
ycjS,116.668
ycjT,66.863
ycjU,41.7777
ycjV,495.988
ompG,187.336
ycjW,541.134
ycjX,653.897
ycjF,573.118
tyrR,653.564
tpx,3783.34
ycjG,1175.14
ycjI,500.825
ycjY,450.79
ycjZ,377.791
mppA,361.199
ynaI,493.881
trs5_4,N.D.
ynaJ,2218.13
ydaA,1575.38
fnr,2785.48
ogt,365.654
abgT,120.303
abgB,83.5342
abgA,630.683
abgR,300.147
ydaL,603.839
ydaM,511.183
ydaN,397.735
dbpA,555.177
ydaO,721.075
intR,475.925
xisR,15.608
ydaC,24.2873
lar,44.8194
recT,195.268
recE,186.131
racC,46.4257
kil,43.1345
sieB,29.0955
ydaG,181.988
racR,1242.09
ydaS,78.5642
ydaT,115.562
ydaU,399.372
ydaV,219.124
ydaW,220.935
rzpR,127.683
trkG,178.719
ynaK,396.515
ydaY,95.9611
ynaA,65.1754
trs5_5,1107.01
stfR,226.234
tfaR,N.D.
pinR,132.714
ynaE,66.1991
ynaF,1175.35
ompN,118.863
ydbK,433.513
hslJ,449.096
ldhA,856.726
ydbH,351.024
ynbE,260.386
ydbL,510.548
feaR,90.2765
feaB,347.676
tynA,44.4274
paaZ,675.574
paaA,70.1681
paaB,169.756
paaC,309.076
paaD,103.152
paaE,782.985
paaF,311.721
paaG,139.781
paaH,584.547
paaI,79.3266
paaJ,414.18
paaK,241.194
paaX,300.162
paaY,447.729
yi22_2,1302.87
yi21_2,N.D.
tra8_2,N.D.
ydbA,N.D.
ydbC,624.248
ydbD,668.092
ynbA,315.577
ynbB,86.0602
ynbC,93.3176
ynbD,442.424
acpD,824.26
hrpA,1189.19
ydcF,408.77
aldA,1231.32
gapC,N.D.
cybB,1671.81
ydcA,676.379
hokB,N.D.
mokB,211.367
trg,628.679
ydcI,509.103
ydcJ,185.381
ydcG,393.796
ydcH,217.959
rimL,366.483
ydcK,422.357
tehA,450.546
tehB,699.924
ydcL,776.86
ydcM,595.693
ydcO,214.274
ydcN,227.096
ydcP,1267.99
yncJ,286.418
ydcQ,690.974
ydcR,299.476
ydcS,496.416
ydcT,393.158
ydcU,114.502
ydcV,315.181
ydcW,620.691
ydcX,486.881
ydcY,906.865
ydcZ,336.046
yncA,1140.11
yncB,755.558
yncC,286.914
yncD,230.389
yncE,1349.79
ansP,566.908
yncG,238.677
yncH,101.042
rhsE,62.2045
ydcD,134.892
ydcC,N.D.
ydcE,975.904
yddH,354.456
nhoA,282.095
yddE,315.786
narV,130.541
narW,314.779
narY,365.178
narZ,362.657
narU,616.399
yddJ,2.77694
yddK,19.8886
yddG,421.826
fdnG,287.312
fdnH,547.61
fdnI,90.9375
yddM,868.17
adhP,1189.54
sfcA,1455.93
rpsV,5934.02
bdm,410.725
osmC,2646.14
yddO,260.88
yddP,93.1116
yddQ,99.6088
yddR,201.592
yddS,108.635
ddpX,414.415
dos,153.458
yddV,284.158
yddW,364.691
xasA,1301.65
gadB,2394.33
pqqL,85.1432
yddB,116.88
yddA,113.672
ydeM,23.4906
ydeN,114.924
ydeO,39.7846
ydeP,57.6171
ydeQ,61.0096
ydeR,109.547
ydeS,94.4548
hipA,369.253
hipB,513.787
ydeU,716.129
ydeK,333.527
ydeV,125.471
ydeW,400.76
ego,98.2582
ydeY,320.168
ydeZ,124.487
yneA,328.009
yneB,641.609
yneC,251.889
tam,733.035
yneE,414.683
uxaB,232.888
yneF,199.328
yneG,903.003
yneH,725.762
yneI,587.351
yneJ,149.142
yneK,35.7807
sotB,449.045
marC,393.238
marR,963.588
marA,912.475
marB,117.256
eamA,923.674
ydeE,493.248
ydeH,241.199
ydeI,858.477
ydeJ,256.953
dcp,940.62
ydfG,1963.47
ydfH,535.591
ydfZ,383.828
ydfI,305.901
ydfJ,217.03
ydfK,N.D.
pinQ,N.D.
tfaQ,215.527
stfQ,1613.54
nohA,113.499
ydfO,55.0155
gnsB,1301.59
ynfN,174.374
cspI,46.0567
ydfP,119.935
ydfQ,121.984
ydfR,77.506
essQ,617.235
cspB,77.4817
cspF,200.307
ydfT,831.47
ydfU,300.581
rem,171.265
hokD,454.447
relE,632.762
relB,1317.44
ydfV,204.2
flxA,146.576
ydfW,225.366
ydfX,43.4998
dicC,165.484
dicA,1190.57
ydfA,110.245
ydfB,242.383
ydfC,225.929
dicB,65.7948
ydfD,N.D.
ydfE,71.4181
intQ,130.745
rspB,71.7377
rspA,61.9635
ynfA,650.627
ynfB,2392.25
speG,1587.56
ynfC,557.147
ynfD,786.732
ynfE,41.5273
ynfF,101.369
ynfG,101.3
ynfH,435.406
ynfI,903.527
ynfJ,114.34
ynfK,135.63
mlc,593.174
ynfL,1149.97
ynfM,106.138
asr,564.556
ydgD,595.636
ydgE,276.034
ydgF,434.474
ydgG,86.4013
pntB,2995.21
pntA,6016.61
ydgH,1327.16
ydgI,264.419
ydgB,617.547
ydgC,604.506
rstA,930.634
rstB,497.051
tus,299.219
fumC,537.35
fumA,1290.21
manA,858.638
ydgA,1494.91
uidC,117.851
uidB,945.083
uidA,428.275
uidR,1327.54
hdhA,1622.65
malI,303.59
malX,268.135
malY,274.163
add,638.96
ydgJ,1130.02
blr,N.D.
ydgT,495.886
ydgK,472.345
rnfA,640.795
rnfB,959.524
rnfC,816.834
rnfD,540.165
rnfG,520.827
rnfE,999.966
nth,339.434
ydgR,440.515
gst,1644.88
pdxY,798.585
tyrS,2103.06
pdxH,1192.99
ydhA,142.64
ydhH,565.268
slyB,4608.54
slyA,1625.01
ydhI,140.02
ydhJ,105.132
ydhK,80.0255
sodC,1615.15
ydhF,1045.98
ydhL,163.452
ydhM,409.117
nemA,462.254
gloA,2020.53
rnt,690.703
lhr,155.646
ydhD,3136.7
ydhO,488.215
sodB,4475.57
ydhP,503.211
purR,1398.42
ydhB,450.164
ydhC,505.47
cfa,1667.9
ribC,940.901
norM,496.817
ydhQ,1090.41
ydhR,2555.68
ydhS,362.528
ydhT,398.297
ydhU,84.2604
ydhX,175.692
ydhW,167.616
ydhV,431.353
ydhY,76.6267
ydhZ,581.652
pykF,2689.02
lpp,7235.09
ynhG,1224.32
sufE,585.092
sufS,679.012
sufD,779.126
sufC,695.382
sufB,1034.9
sufA,1078.98
ydiH,2173.6
ydiI,936.394
ydiJ,1966.61
ydiK,485.526
ydiL,63.8438
ydiM,56.3459
ydiN,58.4636
ydiB,139.864
aroD,820.212
ydiF,243.227
ydiO,162.291
ydiP,56.795
ydiQ,168.578
ydiR,375.215
ydiS,392.095
ydiT,744.723
ydiD,516.295
ppsA,1857.84
ydiA,1352.2
aroH,876.731
ydiE,232.074
ydiU,934.682
ydiV,186.786
nlpC,636.626
btuD,543.236
btuE,888.991
btuC,981.861
himA,2902.91
pheT,3832.33
pheS,2322.87
pheM,127.508
rplT,2651.15
rpmI,5123.74
infC,6643.08
thrS,5093.48
arpB,N.D.
ydiY,415.212
pfkB,1401.19
ydiZ,1828.47
yniA,799.828
yniB,893.978
yniC,724.874
ydjM,185.462
ydjN,2068.07
ydjO,102.077
cedA,202.682
katE,1753.77
ydjC,337.858
celF,342.321
celD,257.583
celC,212.807
celB,109.87
celA,658.787
osmE,2271.45
nadE,2500.05
ydjQ,1016.54
ydjR,283.481
spy,1095.65
astE,153.442
astB,601.641
astD,532.694
astA,575.71
astC,628.44
xthA,1953.63
ydjX,63.1031
ydjY,229.932
ydjZ,170.703
ynjA,749.796
ynjB,622.594
ynjC,147.258
ynjD,164.026
ynjE,224.895
ynjF,360.148
nudG,446.405
ynjH,257.435
gdhA,2587.22
ynjI,213.579
topB,559.708
selD,1777.48
ydjA,1615.08
sppA,694.755
ansA,1134.6
pncA,852.813
ydjE,143.739
ydjF,227.39
ydjG,290.615
ydjH,196.453
ydjI,221.067
ydjJ,140.586
ydjK,129.949
ydjL,201.259
yeaC,3236.9
yeaA,4948.7
gapA,7581.1
yeaD,1272.17
yeaE,364.742
mipA,2851.32
yeaG,1789.54
yeaH,592.155
yeaI,71.534
yeaJ,312.198
yeaK,780.047
yeaL,595.454
yeaM,122.126
yeaN,197.58
yeaO,770.84
yoaF,377.149
yeaP,976.398
yeaQ,2607.12
yoaG,278.176
yeaR,547.164
yeaS,30.4582
yeaT,308.384
yeaU,102.146
yeaV,437.692
yeaW,270.747
yeaX,568.24
rnd,758.347
fadD,981.675
yeaY,508.068
yeaZ,1042.32
yoaA,395.578
yoaB,2458.51
yoaC,2102.41
yoaH,1831.22
pabB,1052.76
yeaB,655.081
sdaA,478.091
yoaD,437.362
yoaE,323.274
manX,4793.75
manY,4437.61
manZ,1219.62
yobD,466.151
yebN,367.481
rrmA,456.081
cspC,6113.26
yobF,6411.36
yebO,686.211
yobG,961.698
kdgR,894.944
yebQ,393.252
htpX,1267.66
prc,1086.91
proQ,2871.58
yebR,3449.58
yebS,359.291
yebT,402.174
yebU,293.88
yebV,1252.84
yebW,694.338
pphA,292.289
yebY,1203.69
yebZ,1642.36
yobA,1738.13
holE,1028.27
yobB,297.516
exoX,852.294
ptrB,646.097
yebE,347.552
yebF,1998.6
yebG,1254.38
purT,1620.5
eda,1579
edd,1963.35
zwf,1963.01
yebK,682.475
pykA,1263.01
msbB,1042.83
yebA,480.93
znuA,1203.77
znuC,713.455
znuB,399.441
ruvB,738.941
ruvA,992.554
yebB,542.816
ruvC,1164.12
yebC,2302.57
ntpA,1827.97
aspS,2277.46
yecD,888.636
yecE,285.882
yecN,1105.55
yecO,1327.77
yecP,439.528
torZ,201.956
torY,114.425
cutC,244.138
yecM,900.307
argS,919.931
yecT,53.2471
flhE,168.483
flhA,280.083
flhB,533.502
cheZ,137.171
cheY,521.117
cheB,462.824
cheR,216.758
tap,586.79
tar,483.851
cheW,362.065
cheA,178.574
motB,497.591
motA,386.347
flhC,708.667
flhD,555.383
insB_5,N.D.
insA_5,285.011
yecG,323.609
otsA,901.62
otsB,1474.87
araH,N.D.
araG,195.846
araF,504.992
yecI,378.951
yecR,44.546
ftn,1469.5
yecH,78.2258
tyrP,550.785
yecA,827.883
pgsA,799.582
uvrC,926.465
uvrY,1925.78
yecF,576.48
sdiA,422.299
yecC,945.614
yecS,739.098
yedO,1482.54
fliY,4478.82
fliZ,258.21
fliA,84.7959
fliC,725.846
fliD,105.962
fliS,291.376
fliT,266.166
amyA,1133.78
yedD,1912.47
yedE,2357.45
yedF,752.678
yedK,780.829
yedL,504.737
yedN,N.D.
yedM,14.1356
fliE,149.606
fliF,1137.19
fliG,575.565
fliH,690.631
fliI,193.353
fliJ,146.096
fliK,165.565
fliL,158.108
fliM,493.04
fliN,382.294
fliO,27.32
fliP,77.9813
fliQ,32.1878
fliR,852.543
rcsA,89.5406
dsrB,736.232
yodD,636.007
yedP,651.12
yedQ,163.123
yodC,887.82
yedI,1442.89
yedA,1155.61
vsr,1264.54
dcm,696.258
yedJ,817.867
yedR,1256.83
yedS,N.D.
yedU,1350.02
yedV,206.779
yedW,1053.27
yedX,232.99
yedY,180.738
yedZ,51.1825
yodA,275.636
yodB,132.587
yeeI,649.723
yeeJ,504.517
yeeL,N.D.
shiA,396.956
amn,858.795
yeeN,710.628
yeeO,189.924
cbl,854.124
nac,202.39
erfK,299.378
cobT,831.782
cobS,949.9
cobU,726.064
trs5_6,N.D.
yi22_3,N.D.
yi21_3,N.D.
yeeP,323.415
flu,985.22
yeeR,203.487
yeeS,648.066
yeeT,662.053
yeeU,248.379
yeeV,197.06
yeeW,475.417
yeeX,3888.64
yeeA,1002.61
sbmC,787.5
dacD,1040.59
sbcB,472.464
yeeD,1655.06
yeeE,1180.72
yeeF,1191.26
yeeY,370.804
yeeZ,873.063
yefM,1476.6
hisL,3497.82
hisG,2838.05
hisD,1633.49
hisC,2646.91
hisB,2004.83
hisH,1693.26
hisA,2650.93
hisF,2355.9
hisI,1344.44
wzzB,2059.48
ugd,362.295
gnd,4964.36
trs5_7,N.D.
wbbL,2504.14
wbbK,1692.64
wbbJ,1524.54
wbbI,1550.72
wbbH,695.093
glf,1287.87
rfbX,1262.36
rfbC,1568.63
rfbA,2647.86
rfbD,2469.27
rfbB,2406.78
galF,2788.28
wcaM,218.283
wcaL,560.996
wcaK,271.358
wzxC,869.946
wcaJ,249.862
cpsG,1349.62
cpsB,172.353
wcaI,321.861
wcaH,123.595
wcaG,506.518
gmd,361.546
wcaF,77.9074
wcaE,356.982
wcaD,413.041
wcaC,368.092
wcaB,503.776
wcaA,329.607
wzc,170.415
wzb,193.446
wza,72.7291
yegH,547.614
asmA,588.581
dcd,1061.47
udk,802.379
yegE,289.94
alkA,336.606
yegD,151.674
yegI,342.36
yegJ,72.6499
yegK,279.792
yegL,221.286
yegM,235.558
yegN,1499.19
yegO,228.615
yegB,238.642
baeS,537.741
baeR,592.072
yegP,2392.27
yegQ,1395.13
ogrK,353.386
yegR,83.589
yegS,318.788
tra5_4,N.D.
gatR,N.D.
gatD,1361.17
gatC,3207.23
gatB,5256.85
gatA,5598.66
gatZ,6588.49
gatY,6621.96
fbaB,3452.78
yegT,102.786
yegU,420.141
yegV,355.212
yegW,396.982
yegX,257.655
thiD,802.745
thiM,1754.81
yohL,454.34
yohM,97.2542
yohN,389.202
yehA,297.938
yehB,169.307
yehC,45.2794
yehD,26.4585
yehE,800.543
mrp,1737.9
metG,1066.3
molR,N.D.
yehI,71.9126
yehL,187.721
yehM,568.824
yehP,651.668
yehQ,103.713
yehR,96.4971
yehS,217.094
yehT,280.851
yehU,398.969
yehV,653.989
yehW,658.855
yehX,734.453
yehY,643.985
yehZ,425.065
bglX,430.331
dld,1074.47
pbpG,812.143
yohC,381.625
yohD,404.386
yohF,638.848
yohG,608.499
yohH,434.038
yohI,296.519
yohJ,176.002
yohK,205.204
cdd,492.098
sanA,483.687
yeiS,399.893
yeiT,781.495
yeiA,190.983
mglC,880.163
mglA,490.404
mglB,1014.14
galS,155.715
yeiB,315.225
folE,3214.93
yeiG,1350.09
cirA,879.26
lysP,1559.08
yeiE,732.98
yeiH,596.75
nfo,679.027
yeiI,339.096
yeiJ,218.62
rihB,170.922
yeiL,82.2521
yeiM,224.323
yeiN,320.873
yeiC,185.443
fruA,257.039
fruK,537.766
fruB,575.381
setB,351.92
yeiP,1134.06
yeiQ,194.725
yeiR,548.473
yeiU,160.979
spr,2217
rtn,403.386
yejA,340.142
yejB,173.562
yejE,366.956
yejF,296.495
yejG,1438.09
bcr,201.966
rsuA,1162.62
yejH,255.568
rplY,6897.98
yejK,887.446
yejL,1949.16
yejM,785.353
yejO,823.267
trs5_8,6497.07
narP,639.981
ccmH,332.73
ccmG,565.454
ccmF,658.483
ccmE,173.934
ccmD,228.606
ccmC,591.725
ccmB,584.349
ccmA,331.945
napC,559.052
napB,687.264
napH,523.376
napG,812.532
napA,665.567
napD,573.846
napF,187.044
eco,1298.97
mqo,476.007
yojI,950.798
alkB,491.865
ada,1243.61
yojL,192.608
ompC,5879.81
yojN,2489.61
rcsB,2387.6
rcsC,590.883
atoS,284.819
atoC,559.222
atoD,128.943
atoA,720.046
atoE,214.694
atoB,167.371
yfaP,365.784
yfaQ,1345.15
yfaT,210.321
yfaA,388.095
gyrA,1155.3
ubiG,1304.91
yfaL,829.917
nrdA,1271.03
nrdB,1408.49
yfaE,389.051
inaA,639.823
yfaH,85.7701
glpQ,295.939
glpT,427.759
glpA,303.025
glpB,353.799
glpC,211.412
yfaD,1116.4
yfaV,83.3387
yfaW,580.835
yfaX,142.23
yfaZ,398.649
yfaO,230.639
ais,15.7875
yfbE,271.309
yfbF,387.212
yfbG,754.64
arnT,402.615
yfbJ,69.1739
pmrD,847.323
menE,447.589
menC,1149.73
menB,1476.22
yfbB,1197.15
menD,642.599
menF,613.601
elaB,4145.54
elaA,1041.36
elaC,753.037
elaD,23.6153
yfbK,137.587
yfbL,89.2635
yfbM,47.9465
yfbN,41.52
nuoN,1386.52
nuoM,1547.07
nuoL,2075.3
nuoK,1575.19
nuoJ,N.D.
nuoI,2492.86
nuoH,2175.9
nuoG,2384.92
nuoF,2539.2
nuoE,4062.75
nuoC,3144.73
nuoB,3400.92
nuoA,3099.02
lrhA,840.518
yfbQ,469.711
yfbS,435.468
yfbT,1102.41
yfbU,2805.66
ackA,2143.5
pta,660.725
yfcC,539.416
yfcE,1505.89
yfcF,523.655
yfcG,442.064
folX,2518.55
yfcH,1439
yfcI,494.322
hisP,1403.5
hisM,819.242
hisQ,1489.11
hisJ,3773.08
argT,1358.24
ubiX,194.367
purF,1308.06
cvpA,2855.7
dedD,1141.02
folC,1093.49
accD,1919.49
dedA,908.647
truA,1431.07
usg,1004.01
pdxB,698.476
flk,973.324
fabB,3346.38
yfcL,638.313
yfcM,713.206
yfcA,1397.74
mepA,763.952
aroC,1981.61
yfcB,2093.46
yfcN,974.491
yfcP,217.729
yfcS,469.835
yfcU,194.313
sixA,1404.76
yfcX,800.193
yfcY,728.375
yfcZ,514.956
fadL,287.374
vacJ,1484.24
yfdC,636.206
intS,214.004
yfdG,695.078
yfdH,1588
yfdI,302.59
tfaS,630.641
yfdK,208.55
yfdL,21.3271
yfdM,346.81
yfdN,91.3855
yfdO,259.031
yfdP,95.9802
yfdQ,81.0705
yfdR,1029.89
yfdS,57.4906
yfdT,258.777
dsdC,90.2865
dsdX,129.107
dsdA,442.215
emrY,62.7027
emrK,46.8445
evgA,1698.53
evgS,146.642
yfdE,69.221
yfdV,113.825
yfdU,134.914
yfdW,194.115
yfdX,464.327
ypdI,72.4836
yfdY,619.254
ddg,177.732
yfdZ,1154.14
ypdA,350.833
ypdB,446.504
ypdC,443.64
ypdD,148.148
ypdE,1226.43
ypdF,282.98
ypdG,199.057
ypdH,98.349
glk,750.675
yfeO,227.572
ypeC,184.256
mntH,393.483
nupC,1272.36
yi81_3,N.D.
yfeA,312.279
yfeC,446.964
yfeD,389.758
gltX,1949.08
xapR,253.467
xapB,63.6225
xapA,285.301
yfeN,425.247
yfeR,143.611
yfeH,610.959
ligA,1071.24
zipA,735.403
cysZ,309.283
cysK,7411.62
ptsH,6410.67
ptsI,5888.82
crr,4626.22
pdxK,743.182
yfeK,223.891
yfeS,277.687
cysM,1265.63
cysA,1352.83
cysW,1395.92
cysU,1602.42
cysP,2539.57
ucpA,778.676
yfeT,1116.17
yfeU,484.757
yfeV,598.799
yfeW,978.891
yfeX,587.947
yfeY,807.345
yfeZ,725.914
ypeA,775.408
amiA,912.369
hemF,374.612
yfeG,441.617
yffI,644.933
eutL,330.446
eutC,481.604
eutB,1098.59
intZ,425.515
yffO,374.079
eutA,271.142
eutH,787.958
eutG,301.779
eutJ,802.696
eutE,263.902
cchB,258.972
cchA,558.858
eutI,304.069
eutT,330.561
eutQ,509.394
eutP,100.673
ypfE,50.8025
maeB,1404.59
talA,3077.82
tktB,1871.79
ypfG,163.303
yffH,465.818
aegA,654.291
narQ,217.417
acrD,1913.31
yffB,926.097
dapE,463.015
ypfH,339.436
ypfI,415.876
purC,2937.22
nlpB,1765.49
dapA,3491.62
gcvR,2887.04
bcp,4269.47
hyfA,2689.04
hyfB,455.638
hyfC,274.587
hyfD,483.932
hyfE,245.593
hyfF,341.056
hyfG,529.046
hyfH,191.62
hyfI,174.157
hyfJ,483.657
hyfR,423.77
focB,273.951
perM,738.723
yfgD,814.781
hda,1146.17
uraA,1475.59
upp,3593.97
purM,2436.96
purN,2225.84
ppk,1681.69
ppx,767.328
yfgF,56.808
yfgG,1133.63
yfgH,58.2789
yfgI,195.21
guaA,2079.49
guaB,3440.48
xseA,759.029
yfgJ,283.354
yfgK,780.6
yfgL,1361.78
yfgM,1805.16
hisS,1900.11
ispG,1227.93
yfgA,1601.89
yfgB,716.93
ndk,3488.09
pbpC,381.379
yfhM,864.323
sseA,1113.92
sseB,975.982
pepB,1261
yfhJ,1938.47
fdx,1455.53
hscA,2037.41
hscB,1664.34
iscA,4066.05
iscU,3708.01
iscS,3259.54
iscR,2479.67
yfhQ,1342.17
suhB,562.669
yfhR,233.008
csiE,133.629
hcaT,446.408
hcaR,392.623
hcaE,279.213
hcaF,219.159
hcaC,624.964
hcaB,605.724
hcaD,372.151
yphA,725.537
yphB,737.754
yphC,156.938
yphD,121.605
yphE,77.6238
yphF,155.178
yphG,1695.04
yphH,430.291
glyA,4306.74
hmpA,529.946
glnB,1142.26
yfhA,905.14
yfhG,1320.81
yfhK,602.537
purL,1403.34
yfhD,94.0726
tadA,757.552
yfhB,491.11
yfhH,344.511
yfhL,1550.1
acpS,1202.44
pdxJ,1271
recO,392.3
era,693.47
rnc,1539.59
lepB,759.968
lepA,1247.13
rseC,639.125
rseB,966.781
rseA,2229.72
rpoE,1848.7
nadB,905.791
yfiC,866.974
srmB,793.77
yfiE,212.11
yfiK,751.896
yfiD,1302.09
ung,804.201
yfiF,782.309
trxC,594.915
yfiP,209.692
yfiQ,609.46
pssA,1354.62
yfiM,318.841
kgtP,3867.74
clpB,976.543
yfiH,633.168
rluD,1316.13
yfiO,2174.14
yfiA,3271.67
pheL,205.442
pheA,2277.59
tyrA,1088.55
aroF,2697.81
yfiL,184.195
yfiR,542.947
yfiN,523.092
yfiB,489.269
rplS,3493.3
trmD,6587.85
rimM,6614.3
rpsP,4837.83
ffh,1363.21
yfjD,N.D.
grpE,1626.83
yfjB,489.187
recN,399.449
smpA,1020.14
yfjF,640.513
yfjG,698.138
smpB,1700.13
intA,525.802
yfjH,47.1846
alpA,38.4091
yfjI,127.804
yfjJ,68.2197
yfjK,222.659
yfjL,327.95
yfjM,112.637
yfjN,1306.16
yfjO,504.683
yfjP,209.273
yfjQ,372.638
yfjR,1787.47
ypjK,N.D.
yfjS,70.8834
yfjT,121.555
yfjU,756.679
yfjW,111.483
yfjX,453.722
yfjY,268.493
yfjZ,40.4867
ypjF,99.762
ypjA,314.616
ygaR,N.D.
ygaF,659.148
gabD,1126.57
gabT,751.512
gabP,402.435
ygaE,3008.89
ygaU,1615.16
yqaE,819.07
ygaP,240.145
stpA,3031.59
ygaC,632.842
ygaM,3334.49
nrdH,810.531
nrdI,418.353
nrdE,343.346
nrdF,180.042
proV,785.46
proW,732.111
proX,747.346
ygaZ,888.198
ygaH,1682.79
emrR,2782.37
emrA,856.861
emrB,163.174
ygaG,2716.7
gshA,2799.68
yqaA,1320.18
yqaB,723.455
csrA,2312.7
alaS,3536.83
oraA,111.491
recA,1707.32
ygaD,724.806
mltB,775.609
srlA,533.872
srlE,417.948
srlB,140.091
srlD,340.955
gutM,246.484
srlR,531.298
gutQ,1413.19
ygaA,336.044
norV,470.64
ygbD,849.144
hypF,316.603
hydN,102.439
ascG,1212.5
ascF,701.42
ascB,164.66
hycI,1490.63
hycH,475.018
hycG,241.298
hycF,158.948
hycE,93.0936
hycD,787.776
hycC,113.737
hycB,201.153
hycA,16.7549
hypA,388.916
hypB,1115.1
hypC,406.622
hypD,345.79
hypE,626.321
fhlA,486.24
ygbA,176.365
mutS,986.805
pphB,104.099
ygbI,1245.85
ygbJ,101.559
ygbK,49.072
ygbL,288.188
ygbM,138.004
ygbN,276.402
rpoS,3790.06
nlpD,6321.2
pcm,1404.22
surE,1097.63
ygbO,1565.04
ispF,1479.67
ispD,926.763
ygbQ,1222.63
ygbE,785.297
cysC,1914.44
cysN,2896.78
cysD,4790.84
iap,312.069
ygbF,280.311
ygbT,325.548
ygcH,597.303
ygcI,180.173
ygcJ,58.2224
ygcK,99.9901
ygcL,116.965
ygcB,53.4953
cysH,2581.7
cysI,2907.87
cysJ,3093.5
ygcM,383.208
ygcN,66.0601
ygcO,147.145
ygcP,N.D.
ygcQ,402.508
ygcR,514.87
ygcS,84.627
ygcW,725.481
yqcE,289.282
ygcE,144.081
ygcF,743.353
ygcG,24.5796
eno,5812.95
pyrG,2868.25
mazG,1298.63
chpA,1061.68
chpR,1305.79
relA,921.064
rumA,1093.51
barA,362.569
gudD,414.878
gudX,716.012
gudP,465.211
yqcA,750.28
yqcB,566.499
yqcC,991.806
syd,708.052
yqcD,678.514
ygdH,768.583
sdaC,427.016
sdaB,1289.17
exo,238.563
fucO,151.063
fucA,38.7793
fucP,91.6682
fucI,386.404
fucK,1228.6
fucU,1386.34
fucR,318.089
ygdE,778.619
ygdD,744.479
gcvA,323.435
ygdI,360.754
csdA,1279.12
ygdK,657.586
ygdL,1490.89
mltA,885.606
amiC,481.782
argA,1677.27
recD,425.989
recB,639.254
ptr,893.046
recC,308.616
ppdC,445.073
ygdB,97.899
ppdB,668.477
ppdA,206.708
thyA,1552.6
lgt,1305.89
ptsP,1416.76
ygdP,2261.3
mutH,238.894
ygdQ,95.1769
ygdR,312.438
tas,1129.49
ygeD,313.554
aas,1057.38
galR,590.531
lysA,703.847
lysR,134.039
ygeA,872.189
araE,235.225
kduD,629.398
kduI,190.787
yqeF,281.937
yqeG,38.5806
yqeH,70.9335
yqeI,65.0016
yqeJ,72.9797
yqeK,17.2296
ygeF,9.69246
ygeG,18.2031
ygeH,43.3051
ygeI,25.4012
ygeK,N.D.
yi22_4,943.106
yi21_4,N.D.
ygeP,48.6192
ygeQ,177.975
ygeR,791.298
xdhA,140.408
xdhB,178.178
xdhC,236.073
ygeV,272.481
ygeW,91.5462
ygeX,475.007
ygeY,528.089
ygeZ,260.415
yqeA,N.D.
yqeB,471.46
yqeC,203.519
ygfJ,111.456
ygfK,338.92
ssnA,129.862
ygfM,237.219
xdhD,111.991
ygfO,128.88
guaD,80.4166
ygfQ,N.D.
ygfS,1078.97
ygfT,157.032
ygfU,92.9077
idi,294.859
lysS,1532.47
prfB,3150.85
recJ,651.432
dsbC,1211.28
xerD,1360.28
fldB,988.105
ygfX,908.448
ygfY,1642.71
ygfZ,1899.94
yqfA,924.42
yqfB,1010.32
bglA,963.539
ygfF,429.207
gcvP,862.219
gcvH,3813.93
gcvT,1613.13
visC,582.332
ubiH,704.811
pepP,1332.7
ygfB,2495.53
ygfE,1669.3
ygfA,423.401
serA,5767.91
rpiA,2092.32
yqfE,720.339
iciA,388.711
sbm,223.093
argK,183.176
ygfG,584.875
ygfH,136.563
ygfI,111.844
yggE,1494.29
yggA,361.386
yggB,2384.79
fbaA,2834.83
pgk,3682.9
epd,2330.48
yggC,254.155
yggD,518.066
yggF,234.579
yggP,N.D.
cmtA,103.088
cmtB,32.7974
tktA,2377.75
yggG,729.879
speB,2007.23
speA,1393.69
yqgB,1224.25
yqgC,298.398
yqgD,29.8508
metK,2969.78
galP,406.172
sprT,247.473
endA,199.99
yggJ,1121.79
gshB,1136.36
yqgE,1113.28
yqgF,771.872
yggR,367.28
yggS,1245.84
yggT,1330.62
yggU,1387.88
yggV,1530.95
yggW,354.552
yggM,216.775
ansB,121.719
yggN,1134.62
yggL,2094.94
yggH,2163.66
mutY,792.216
yggX,1547.19
mltC,812.179
nupG,170.077
speC,466.337
yqgA,531.176
yghD,310.655
yghE,624.041
yghF,197.602
yghG,195.448
pppA,593.819
yghJ,N.D.
yghK,349.588
glcB,453.47
glcG,2290.55
glcF,N.D.
glcE,N.D.
glcD,362.435
glcC,793.639
yghO,306.662
trs5_9,N.D.
yghQ,640.04
yghR,285.258
yghS,84.0896
yghT,310.958
pitB,242.508
gss,959.674
yghU,1718.18
hybG,359.041
hybF,195.129
hybE,289.449
hybD,1363.83
hybC,164.426
hybB,73.098
hybA,415.354
hybO,236.152
yghW,38.0179
yghZ,425.93
yqhA,839.813
yghA,1367.97
exbD,1708.15
exbB,1764.29
metC,1062.98
yghB,1769.37
yqhC,1884.64
yqhD,766.14
dkgA,1126.43
yqhG,80.0333
yqhH,164.721
ygiQ,N.D.
sufI,834.838
plsC,796.944
parC,1139.11
ygiS,226.429
ygiT,279.853
ygiU,409.733
ygiW,1294.36
ygiX,440.598
ygiY,579.896
ygiZ,178.718
mdaB,1237.31
ygiN,1198.74
parE,492.522
yqiA,596.87
cpdA,1174.88
yqiB,1190.46
yqiE,905.952
tolC,1589.47
ygiA,447.774
ygiB,1645.18
ygiC,1046.61
ygiD,74.6063
ygiE,727.267
ribB,738.242
yqiC,1460.2
ygiL,125.555
yi21_5,2626.66
yi22_5,N.D.
yqiG,72.0535
yqiH,55.9839
yqiI,90.6404
glgS,1466.62
yqiJ,124.132
yqiK,153.355
rfaE,657.857
glnE,1749.41
ygiF,1434.36
ygiM,796.074
cca,862.899
bacA,466.76
ygiG,996.898
ygiH,309.131
ygiP,244.587
ttdA,238.523
ttdB,196.796
ygjE,929.725
ygjD,1818.35
rpsU,4774.01
dnaG,1436.82
rpoD,1341.45
ygjF,801.677
yqjH,624.959
yqjI,541.55
aer,533.835
ygjG,850.815
ygjH,471.779
ebgR,966.398
ebgA,310.248
ebgC,108.939
ygjI,384.066
ygjJ,247.869
ygjK,1089.01
fadH,313.499
ygjM,640.241
ygjN,150.404
ygjO,269.747
ygjP,337.196
ygjQ,163.198
ygjR,486.83
ygjT,227.224
ygjU,502.104
ygjV,68.9388
uxaA,479.179
uxaC,965.126
exuT,465.176
exuR,1042.31
yqjA,942.591
yqjB,380.133
yqjC,3302.02
yqjD,3401.4
yqjE,2072.34
yqjK,1225.9
yqjF,140.517
yqjG,376.356
yhaH,734.658
yhaI,121.389
yhaJ,477.077
yhaK,84.1883
yhaL,634.115
yhaM,N.D.
yhaO,459.807
tdcG,N.D.
tdcF,172.318
tdcE,912.465
tdcD,93.8183
tdcC,210.977
tdcB,75.3877
tdcA,346.629
tdcR,7.84732
yhaB,288.034
yhaC,54.6421
garK,391.946
garR,592.5
garL,374.378
garP,746.814
garD,334.033
sohA,1305.23
yhaV,666.789
agaR,1192.15
agaZ,398.206
agaV,523.675
agaW,323.628
agaA,126.568
agaS,584.15
agaY,1664.93
agaB,304.036
agaC,1003.76
agaD,369.209
agaI,132.54
yraH,123.731
yraI,192.941
yraJ,44.3829
yraK,62.8552
yraL,838.076
yraM,941.336
yraN,818.745
yraO,1045.11
yraP,984.688
yraQ,521.084
yraR,573.68
yhbO,720.798
yhbP,334.053
yhbQ,2042.11
yhbS,648.106
yhbT,1059.55
yhbU,448.331
yhbV,296.726
yhbW,1071.08
mtr,396.485
deaD,1131.21
nlpI,2713.72
pnp,3462.45
rpsO,3439.15
truB,1462.74
rbfA,1281.06
infB,2330.66
nusA,3505.27
yhbC,2567.25
argG,1641.62
yhbX,230.912
secG,2320.82
glmM,1426.36
folP,1125.7
hflB,2147.12
rrmJ,1915.98
yhbY,1591.96
greA,835.23
dacB,193.208
yhbZ,955.702
yhbE,1157.45
rpmA,3177.37
rplU,7626.31
ispB,1281.11
nlp,108.714
murA,1061.23
yrbA,1566.92
yrbB,1686.91
yrbC,1643.87
yrbD,1456.31
yrbE,952.39
yrbF,964.797
yrbG,1395.5
yrbH,1293.76
yrbI,1906.04
yrbK,1677.32
yhbN,1709.27
yhbG,1475.32
rpoN,3481.46
yhbH,3938.24
ptsN,2317.2
yhbJ,1429.24
ptsO,848.035
yrbL,1632.3
mtgA,479.566
yhbL,602.85
arcB,803.226
yhcC,411.712
gltB,5647.65
gltD,4575.97
gltF,269.272
yhcA,97.9086
yhcD,276.046
yhcE,205.946
trs5_10,N.D.
yhcF,212.065
yhcG,96.0754
yhcH,248.091
nanK,227.421
nanE,512.672
nanT,454.671
nanA,241.868
nanR,629.324
dcuD,354.956
sspB,1147.64
sspA,2577.24
rpsI,5450.1
rplM,7786.2
yhcM,1060.23
yhcB,1550.28
degQ,828.053
degS,988.457
mdh,5608.73
argR,1189.59
yhcN,204.416
yhcO,396.236
yhcP,67.6322
yhcQ,283.403
yhcR,513.38
yhcS,259.109
tldD,1096.16
yhdP,N.D.
rng,734.651
yhdE,1085.51
mreD,813.768
mreC,784.814
mreB,2016.09
yhdA,298.696
yhdH,673.068
accB,3382.2
accC,1560.63
yhdT,405.035
panF,323.168
prmA,550.112
yhdG,2519.03
fis,3265.88
yhdJ,91.7487
yhdU,154.112
envR,89.1907
acrE,2374.81
acrF,229.591
yhdV,421.179
yhdW,394.661
yhdX,99.8599
yhdY,153.612
yhdZ,179.294
yrdA,1415.81
yrdB,475.985
aroE,1191.98
yrdC,1090.82
yrdD,1369.08
smg,2647.9
smf,N.D.
def,2218.41
fmt,1284.17
rrmB,921.335
trkA,396.388
mscL,2910.32
zntR,723.783
yhdN,688.577
rplQ,5242.44
rpoA,6189.34
rpsD,5658.6
rpsK,6429.02
rpsM,6566.13
rpmJ,7614.62
prlA,N.D.
rplO,6769.21
rpmD,5296.72
rpsE,6115.55
rplR,6239.47
rplF,6724.6
rpsH,7449.97
rpsN,7126.25
rplE,8258.35
rplX,6840.78
rplN,7746.79
rpsQ,5950.24
rpmC,4819.12
rplP,6308.99
rpsC,7372.8
rplV,8211.27
rpsS,8944.25
rplB,7357.11
rplW,7826.69
rplD,7745.92
rplC,7478.26
rpsJ,7128.73
pioO,304.393
gspA,283.449
gspC,191.683
gspD,51.6619
gspE,819.407
gspF,449.261
gspG,48.5302
gspH,550.41
gspI,229.048
gspJ,74.8947
gspK,90.4495
gspL,62.9736
gspM,108.67
gspO,148.888
bfr,1776.93
bfd,728.06
chiA,184.37
tufA,9134.66
fusA,7055.95
rpsG,6044.9
rpsL,6972.49
yheL,785.452
yheM,862.345
yheN,1037.67
yheO,1275.02
fkpA,994.705
slyX,914.95
slyD,3981.43
kefB,681.078
yheR,2011.93
yheS,1445.01
yheT,1020.47
yheU,1326.49
prkB,1006.54
yhfA,1624.34
crp,3455.63
yhfK,943.341
argD,2204.51
pabA,362.022
fic,711.697
yhfG,512.558
ppiA,1192.16
yhfC,417.456
nirB,174.415
nirD,100.402
nirC,321.896
cysG,845.354
yhfL,78.0129
yhfM,94.6382
yhfN,79.3209
frlC,N.D.
yhfQ,188.437
yhfR,375.79
yhfS,435.091
yhfT,425.242
yhfU,305.826
yhfV,53.0206
yhfW,107.882
yhfX,228.902
yhfY,205.041
yhfZ,156.336
trpS,867.26
gph,1994.73
rpe,1322.29
dam,1967.95
damX,1806.21
aroB,2306.16
aroK,2915.24
hofQ,326.706
yrfA,240.417
yrfB,230.706
yrfC,288.83
yrfD,415.752
mrcA,900.022
yrfE,838.039
yrfF,219.902
yrfG,1026.34
hslR,1731.48
hslO,1081.47
yhgE,244.048
pckA,902.702
envZ,412.362
ompR,557.928
greB,365.595
yhgF,1106.75
feoA,966.62
feoB,655.838
yhgG,471.181
yhgA,154.833
bioH,690.787
yhgH,1433.03
yhgI,2735.09
gntT,211.945
malQ,851.735
malP,1279.92
malT,713.913
rtcA,N.D.
rtcB,981.798
rtcR,575.894
glpR,894.629
glpG,1344.58
glpE,859.844
glpD,419.927
yzgL,186.957
glgP,906.391
glgA,1295.49
glgC,2362.68
glgX,1978.08
glgB,2164.92
asd,3307.03
yhgN,274.836
gntU,N.D.
gntK,58.8272
gntR,1740.59
yhhW,225.655
yhhX,1527.81
yhhY,150.56
yhhZ,79.5198
yrhA,236.523
insA_6,N.D.
insB_6,N.D.
yrhB,542.55
ggt,529.356
yhhA,642.738
ugpQ,1512.4
ugpC,908.674
ugpE,287.9
ugpA,531.857
ugpB,569.237
livF,2226.25
livG,2953.73
livM,2498.63
livH,3511.83
livK,3326.6
yhhK,284.403
livJ,5767.51
rpoH,1392.49
ftsX,908.272
ftsE,1599.72
ftsY,1550.6
yhhF,661.688
yhhL,506.585
yhhM,454.469
yhhN,496.807
zntA,1014.31
sirA,466.871
yhhQ,317.611
dcrB,1278.26
yhhS,332.864
yhhT,284.783
acpT,557.883
nikA,270.198
nikB,1034.75
nikC,232.1
nikD,675.577
nikE,377.847
nikR,335.526
rhsB,42.5569
yhhH,49.9209
yhhI,37.9129
yhhJ,726.714
yhiH,536.894
yhiI,1929.77
yhiJ,61.1147
yhiK,36.6175
yhiL,65.8335
yhiM,136.032
yhiN,404.025
pitA,1237.17
yhiO,511.157
uspA,5433.65
yhiP,470.809
yhiQ,1759.89
prlC,815.035
yhiR,619.726
gor,1498.62
arsR,556.703
arsB,316.197
arsC,302.513
yhiS,32.609
trs5_11,N.D.
slp,1096.09
yhiF,112.311
yhiD,253.407
hdeB,4804.64
hdeA,5406.2
hdeD,1603.83
yhiE,1007.83
yhiU,393.645
yhiV,188.612
yhiW,565.017
gadX,1333.2
gadA,1218.01
yhjA,611.409
treF,1315.6
yhjB,389.049
yhjC,327.154
yhjD,599.585
yhjE,1832.19
yhjG,237.403
yhjH,292.644
kdgK,259.104
yhjJ,590.976
dctA,345.876
yhjK,696.536
yhjL,328.79
bcsC,192.494
yhjN,149.626
yhjO,443
yhjQ,191.296
yhjR,875.821
yhjS,573.406
yhjT,547
yhjU,290.142
ldrD,N.D.
yhjV,132.129
dppF,917.843
dppD,1294.56
dppC,1369.05
dppB,948.369
dppA,2614.99
yhjW,294.998
yhjX,50.0461
yhjY,710.083
tag,678.942
yiaC,676
bisC,511.471
yiaD,445.663
tkrA,1159.45
yiaF,1273.38
yiaG,1652.44
cspA,1860.16
hokA,N.D.
yi5A,137.402
t150,55.6365
glyS,2078.22
glyQ,1604.34
yiaH,108.676
yiaA,74.3658
yiaB,13.5672
xylB,139.052
xylA,595.639
xylF,63.1551
xylG,69.4376
xylH,162.131
xylR,124.911
bax,824.869
malS,289.636
avtA,1434.4
yiaI,515.199
yiaJ,531.719
yiaK,335.382
yiaL,35.3247
yiaM,109.372
yiaN,260.396
yiaO,113.283
lyxK,270.67
sgbH,179.192
sgbU,709.376
sgbE,346.992
yiaT,113.766
yiaU,192.565
yiaV,93.7416
yiaW,50.2332
aldB,812.409
yiaY,1326.07
selB,589.801
selA,1505.85
yibF,694.564
rhsA,162.708
yibA,194.972
yibJ,30.474
yibG,11.8779
yibH,631.223
yibI,317.261
mtlA,762.844
mtlD,657.677
mtlR,936.313
yibL,1091.8
lldP,183.587
lldR,470.937
lldD,595.362
yibK,535.658
cysE,1394.5
gpsA,2081.29
secB,2048.75
grxC,3355.22
yibN,2559.61
yibO,1728.07
yibP,698.513
yibQ,204.469
yibD,153.698
tdh,935.192
kbl,912.47
htrL,257.511
rfaD,2272.87
rfaF,1319.3
rfaC,1025.32
rfaL,717.625
rfaK,532.931
rfaZ,299.66
rfaY,789.851
rfaJ,588.369
rfaI,632.354
rfaB,414.988
rfaS,349.7
rfaP,404.265
rfaG,844.12
rfaQ,664.692
kdtA,997.636
coaD,692.889
mutM,399.411
rpmG,5946.01
rpmB,5551.74
radC,104.977
dfp,1532.73
dut,912.005
ttk,973.745
pyrE,927.687
rph,854.976
yicC,1461.69
dinD,342.761
yicG,73.4857
yicF,33.8319
gmk,2059.66
rpoZ,3094.52
spoT,1467.75
trmH,993.104
recG,404.428
gltS,347.259
yicE,966.511
yicH,523.238
yicI,366.846
yicJ,648.251
yicK,1098.91
yicL,222.928
nlpA,1955.01
yicM,215.351
yicN,260.465
yicO,520.262
ade,56.3403
uhpT,82.9447
uhpC,612.743
uhpB,330.014
uhpA,883.57
ilvN,1543.98
ilvB,2015.91
ivbL,4606.04
emrD,265.721
yidF,67.0155
yidG,444.67
yidH,989.601
yidI,293.751
yidJ,124.543
yidK,172.058
yidL,153.371
glvG,256.356
glvB,66.3767
glvC,190.253
yidP,92.1482
yidE,402.277
ibpB,251.017
ibpA,987.032
yidQ,1229.69
yidR,466.128
yidS,161.193
dgoT,420.666
dgoD,N.D.
dgoA,N.D.
dgoK,97.3394
dgoR,N.D.
yidX,177.286
yidA,959.477
yidB,972.234
gyrB,1058.16
recF,1084.46
dnaN,1309.73
dnaA,1503.19
rpmH,3998.17
rnpA,2462.89
yidC,879.51
trmE,1234.47
tnaL,158.118
tnaA,45.2732
tnaB,115.67
yidY,213.023
yidZ,108.073
yieE,694.694
yieF,588.548
yieG,599.341
yieH,424.76
yieI,128.381
yieJ,282.149
yieK,74.0019
yieL,146.657
yieC,56.3137
bglB,195.264
bglF,76.6779
bglG,149.841
phoU,410.427
pstB,1545.59
pstA,648.369
pstC,1325.8
pstS,1199.24
glmS,1842.41
glmU,2915.92
atpC,2137.53
atpD,3249.14
atpG,4937.79
atpA,5102.27
atpH,7723.08
atpF,6194.77
atpE,6293
atpB,4277.09
atpI,3674.96
gidB,330.166
gidA,533.625
mioC,2048.49
asnC,216.843
asnA,532.381
yieM,479.109
yieN,475.273
kup,258.403
rbsD,1525.68
rbsA,528.846
rbsC,897.807
rbsB,2156.21
rbsK,1225.73
rbsR,312.896
yieO,111.26
yieP,623.333
hdfR,N.D.
yifE,1581.53
yifB,273.593
ilvL,5509.21
ilvG,N.D.
ilvM,1670.92
ilvE,3647.39
ilvD,1552.28
ilvA,996.218
ilvY,540.658
ilvC,6968.77
ppiC,1043.07
yifN,226.118
rep,542.447
gppA,497.585
rhlB,1894.33
trxA,2856.27
rhoL,4888.07
rho,2002.07
rfe,643.404
wzzE,763.793
wecB,1160.39
wecC,1004.59
rffG,718.444
rffH,709.631
wecD,699.459
wecE,505.349
wzxE,464.913
rffT,N.D.
wecF,563.553
wecG,318.057
yifK,1301.6
aslB,42.571
aslA,339.795
hemY,719.288
hemX,1320.28
hemD,1337.94
hemC,1247.42
cyaA,680.641
cyaY,1307.48
yzcX,242.274
dapF,2598.69
yigA,1118.62
xerC,1311.98
yigB,1012.44
uvrD,698.748
yigE,N.D.
corA,477.116
yigF,36.065
yigG,55.8089
rarD,221.526
yigI,858.055
pldA,924.498
recQ,694.605
rhtC,288.779
rhtB,347.095
pldB,590.092
yigL,755.948
yigM,523.808
metR,639.131
metE,5029.9
ysgA,756.514
udp,1296.53
yigN,525.333
ubiE,1290.47
yigP,1060.79
ubiB,727.709
tatA,1892.19
tatB,1751.55
tatC,658.03
tatD,N.D.
rfaH,576.087
ubiD,1368.57
fre,1428.67
fadA,859.531
fadB,267.566
pepQ,1419.65
yigZ,896.482
trkH,559.242
hemG,1132.88
mobB,313.434
mobA,342.068
yihD,1601.33
yihE,1126.6
dsbA,1570.67
yihF,167.669
yihG,157.452
polA,851.102
yihA,1312.06
yihI,1075.1
hemN,616.899
glnG,808.273
glnL,986.49
glnA,2425.39
bipA,1757.14
yihL,N.D.
yihM,75.83
yihN,761.317
yshA,105.53
yihO,49.2779
yihP,264.172
yihQ,208.658
yihR,210.736
yihS,192.28
yihT,501.579
yihU,1294.66
yihV,119.25
yihW,377.28
yihX,1213.85
rbn,386.5
dtd,1634.43
yiiD,726.792
yiiE,113.95
yiiF,190.546
fdhE,610.337
fdoI,951.81
fdoH,401.166
fdoG,345.43
fdhD,747.056
yiiG,22.0703
frvR,609.98
frvX,154.055
frvB,375.571
frvA,221.92
yiiL,123.087
rhaD,483.559
rhaA,561.203
rhaB,253.129
rhaS,384.306
rhaR,351.473
rhaT,419.508
sodA,N.D.
kdgT,217.393
yiiM,399.871
cpxA,487.992
cpxR,1206.94
cpxP,N.D.
yiiP,1347.3
pfkA,1795.89
sbp,1210.29
cdh,494.398
tpiA,3067.08
yiiQ,581.209
yiiR,596.153
yiiS,938.878
yiiT,1008.04
fpr,739.412
glpX,841.971
glpK,233.21
glpF,213.141
yiiU,2357.25
menG,1684.9
menA,1517.7
hslU,1585.51
hslV,2416.81
ftsN,1094.09
cytR,664.056
priA,271.67
rpmE,4157.62
yiiX,527.727
metJ,2311.36
metB,1302.45
metL,1317.16
metF,1653.41
katG,1293.94
yijE,197.743
yijF,222.883
gldA,122.039
talC,122.038
ptsA,266.688
frwC,104.219
frwB,101.68
pflD,254.407
pflC,381.094
frwD,147.245
yijO,215.5
yijP,1580.46
ppc,3066.9
argE,1856
argC,2610.31
argB,3540.48
argH,1570.81
oxyR,822.335
udhA,715.755
yijC,1515.34
yijD,935.046
trmA,1011.69
btuB,882.456
murI,816.295
murB,942.032
birA,636.115
coaA,611.901
tufB,7743.47
secE,3130.59
nusG,2204.14
rplK,6498.32
rplA,6248.87
rplJ,6478.36
rplL,5460.33
rpoB,4292.92
rpoC,1732.28
htrC,204.187
thiH,1486.67
thiG,2584.5
thiS,N.D.
thiF,1565.08
thiE,2182.24
thiC,2418.4
rsd,1347.64
nudC,1073.1
hemE,1206.33
nfi,643.837
yjaG,988.405
hupA,5760.07
yjaH,428.599
zraP,330.987
zraS,344.526
zraR,794.479
purD,1362.08
purH,2605.42
yjaA,82.1992
yjaB,228.377
metA,2055.43
aceB,6467.96
aceA,5745.96
aceK,780.994
arpA,66.2378
iclR,659.152
metH,1299.38
yjbB,225.055
pepE,117.696
yjbC,476.455
yjbD,1187.35
lysC,1409.45
pgi,1771.82
yjbE,112.436
yjbF,563.282
yjbG,340.407
yjbH,316.356
yjbA,432.209
xylE,144.42
malG,157.152
malF,508.207
malE,1122.79
malK,332.25
lamB,879.555
malM,506.634
yjbI,61.9369
ubiC,1235.88
ubiA,725.891
plsB,749.443
dgkA,1056.26
lexA,1326.11
dinF,165.51
yjbJ,444.941
zur,798.864
yjbL,24.402
yjbM,54.6307
yjbN,1600.22
yjbO,454.368
qor,1196.62
dnaB,1345.75
alr,822.29
tyrB,1645.76
aphA,368.968
yjbQ,982.321
yjbR,780.74
uvrA,473.661
ssb,1631.5
yjcB,203.758
yjcC,139.623
soxS,428.922
soxR,108.287
yjcD,1142.11
yjcE,760.632
yjcF,N.D.
actP,504.048
yjcH,234.658
acs,586.832
nrfA,239.823
nrfB,59.1352
nrfC,85.9939
nrfD,1222.12
nrfE,271.54
nrfF,265.272
nrfG,631.159
gltP,232.748
yjcO,321.21
fdhF,306.407
yjcP,440.75
yjcQ,356.864
yjcR,1100.69
yjcS,872.817
alsK,470.409
alsE,546.603
alsC,106.232
alsA,191.366
alsB,267.414
rpiR,534.24
rpiB,593.095
yjdP,N.D.
phnP,344.143
phnO,490.575
phnN,762.225
phnM,77.2448
phnL,260.823
phnK,133.538
phnJ,907.13
phnI,266.356
phnH,202.034
phnG,404.604
phnF,182.819
phnE,808.862
phnD,609.957
phnC,297.027
phnB,392.521
phnA,1495.15
yjdA,117.728
yjcZ,225.3
proP,1603.82
basS,443.221
basR,471.69
yjdB,253.898
yjdE,60.9399
adiY,39.1546
adiA,75.6659
melR,135.469
melA,282.024
melB,135.215
yjdF,213.231
fumB,46.7409
dcuB,240.743
dcuR,862.423
dcuS,355.052
yjdI,989.721
yjdJ,1128.7
yjdK,69.5465
lysU,469.862
yjdL,217.502
cadA,429.034
cadB,219.309
cadC,361.929
yjdC,1459.12
dsbD,705.023
cutA,809.629
dcuA,1006.89
aspA,559.219
fxsA,452.075
yjeH,511.076
groS,5981.95
groL,2876.16
yjeI,2023.95
yjeJ,315.861
yjeK,553.181
efp,2705.97
ecnA,N.D.
ecnB,N.D.
sugE,304.635
blc,981.041
ampC,350.227
frdD,193.333
frdC,424.675
frdB,333.41
frdA,1892.53
yjeA,423.676
yjeM,168.574
yjeN,300.267
yjeO,89.1864
yjeP,364.756
psd,1051.33
yjeQ,1230.27
orn,629.38
yjeS,415.579
yjeF,1621.05
yjeE,856.273
amiB,800.594
mutL,586.596
miaA,4432.34
hfq,3198.96
hflX,2755.23
hflK,1996.29
hflC,1550.84
yjeT,165.21
purA,1675.12
yjeB,831.914
rnr,1656.39
yjfH,194.239
yjfI,81.1795
yjfJ,116.909
yjfK,32.8669
yjfL,1410
yjfM,30.4842
yjfC,89.4946
aidB,429.698
yjfN,313.561
yjfO,306.42
yjfP,395.291
yjfQ,340.417
yjfR,258.447
sgaT,333.623
sgaB,207.95
ptxA,187.586
sgaH,257.435
sgaU,133.026
sgaE,195.189
yjfY,471.623
rpsF,5927.43
priB,6141.5
rpsR,5337.21
rplI,2771.17
yjfZ,46.0809
ytfA,24.5567
ytfB,863.041
fklB,2244.31
cycA,1156.06
ytfE,138.378
ytfF,249.609
ytfG,602.219
ytfH,666.06
cpdB,434.98
cysQ,763.037
ytfI,109.025
ytfJ,228.879
ytfK,390.13
ytfL,889.108
msrA,869.866
ytfM,581.154
ytfN,1162.23
ytfP,1489.74
yzfA,589.534
chpS,361.669
chpB,718.115
ppa,2594.12
ytfQ,325.668
ytfR,N.D.
ytfT,149.204
yjfF,55.2725
fbp,1939.97
mpl,970.94
yjgA,1573.01
pmbA,944.464
cybC,801.826
nrdG,137.661
nrdD,493.274
treC,1112.2
treB,387.371
treR,285.339
mgtA,631.746
yjgF,4579.7
pyrI,6822.58
pyrB,7835.24
pyrL,2235.52
yjgG,30.733
yjgH,392.821
yjgI,122.417
yjgJ,276.1
yjgK,470.085
yjgL,40.1331
argI,1754.73
yjgD,2698.5
yjgM,596.15
yjgN,31.8764
valS,1682.61
holC,1757.16
pepA,1885.15
yjgP,1183.92
yjgQ,373.381
yjgR,663.06
idnR,335.565
idnT,727.072
idnO,308.306
idnD,626.006
idnK,58.066
yjgB,415.668
intB,188.823
yi21_6,1801.65
yi22_6,N.D.
yjgW,173.717
yjgX,226.365
yjgY,132.044
yjgZ,254.701
yi41,286.523
yjhB,64.3947
yjhC,284.272
yjhD,202.554
yjhE,77.6521
yi91b,211.011
tra8_3,729.325
fecE,216.052
fecD,237.202
fecC,239.888
fecB,169.469
fecA,329.604
fecR,204.01
fecI,525.412
insA_7,428.476
yjhU,556.791
yjhF,193.462
yjhG,97.0849
yjhH,306.748
yjhI,59.5628
sgcR,95.9248
sgcE,468.568
sgcA,348.388
sgcQ,243.981
sgcC,274.168
sgcX,193.717
yjhP,192.932
yjhQ,248.805
yjhR,117.916
yjhS,94.715
yjhT,425.678
yjhA,100.071
fimB,388.696
fimE,297.604
fimA,2299.08
fimI,656.069
fimC,385.964
fimD,162.444
fimF,258.298
fimG,191.729
fimH,206.222
gntP,71.0544
uxuA,291.709
uxuB,399.869
uxuR,422.83
yjiC,131.85
yjiD,86.7132
yjiE,181.103
iadA,235.842
yjiG,315.96
yjiH,92.4878
kptA,213.622
yjiJ,199.916
yjiK,78.6567
yjiL,275.952
yjiM,350.594
yjiN,278.321
yjiO,269.078
yjiP,359.866
yjiQ,506.995
yjiR,343.049
yjiS,194.215
yjiT,552.978
yjiV,N.D.
mcrC,182.108
mcrB,425.953
yjiW,94.3582
hsdS,437.25
hsdM,846.777
hsdR,933.572
mrr,621.707
yjiA,870.848
yjiX,994.431
yjiY,108.915
tsr,742.834
yjiZ,288.439
yjjM,137.564
yjjN,479.009
mdoB,380.206
yjjA,705.811
dnaC,389.905
dnaT,1430.22
yjjB,113.654
yjjP,423.029
yjjQ,100.676
bglJ,55.0456
fhuF,1427
rsmC,375.6
holD,1376.79
rimI,1358.05
yjjG,336.831
prfC,990.415
osmY,3590.04
yjjU,880.206
yjjV,532.093
yjjW,585.603
yjjI,286.715
deoC,1333.31
deoA,1045.85
deoB,1370.38
deoD,2485.49
yjjJ,369.454
lplA,417.649
smp,1379.29
serB,1266.98
sms,952.656
nadR,1019.72
yjjK,1330.9
slt,562.622
trpR,710.162
yjjX,542.435
gpmB,537.665
rob,1017.59
creA,1246.8
creB,314.481
creC,142.347
creD,130.589
yjjY,169.036
lasT,N.D.
